-- Tabela BOLETIM
INSERT INTO ADMIN.BOLETIM (ID_BOLETIM, BOLETIM, ITEM) VALUES (1,  'SB FAT-21-CG12', 'Vidros e travas elétricas');
INSERT INTO ADMIN.BOLETIM (ID_BOLETIM, BOLETIM, ITEM) VALUES (2,  'SB FAT-23-CG01', 'Sistema modernizado de som');
INSERT INTO ADMIN.BOLETIM (ID_BOLETIM, BOLETIM, ITEM) VALUES (3,  'SB FAT-23-CG04', 'Cruise Control');
INSERT INTO ADMIN.BOLETIM (ID_BOLETIM, BOLETIM, ITEM) VALUES (4,  'SB FAT-23-CG05', 'Cruise Control');
INSERT INTO ADMIN.BOLETIM (ID_BOLETIM, BOLETIM, ITEM) VALUES (5,  'SB FAT-31-CG05', 'Cruise Control');
INSERT INTO ADMIN.BOLETIM (ID_BOLETIM, BOLETIM, ITEM) VALUES (6,  'SB FAT-23-CG06', 'Sensor de proximidade');
INSERT INTO ADMIN.BOLETIM (ID_BOLETIM, BOLETIM, ITEM) VALUES (7,  'SB FAT-31-CG08', 'Sensor de proximidade');
INSERT INTO ADMIN.BOLETIM (ID_BOLETIM, BOLETIM, ITEM) VALUES (8,  'SB FAT-23-CG08', 'Calha de chuva');
INSERT INTO ADMIN.BOLETIM (ID_BOLETIM, BOLETIM, ITEM) VALUES (9,  'SB FAT-23-CG02', 'Controle de tração');
INSERT INTO ADMIN.BOLETIM (ID_BOLETIM, BOLETIM, ITEM) VALUES (10, 'SB FAT-23-CG03', 'Pintura anti-corrosão');
INSERT INTO ADMIN.BOLETIM (ID_BOLETIM, BOLETIM, ITEM) VALUES (11, 'SB FAT-25-CG23', 'Função Economic/Sport');
INSERT INTO ADMIN.BOLETIM (ID_BOLETIM, BOLETIM, ITEM) VALUES (12, 'SB FAT-25-CG30', 'Bluetooth');
INSERT INTO ADMIN.BOLETIM (ID_BOLETIM, BOLETIM, ITEM) VALUES (13, 'SB FAT-25-CG04', 'Câmera traseira');
INSERT INTO ADMIN.BOLETIM (ID_BOLETIM, BOLETIM, ITEM) VALUES (14, 'SB FAT-25-CG11', 'Câmera traseira');
INSERT INTO ADMIN.BOLETIM (ID_BOLETIM, BOLETIM, ITEM) VALUES (15, 'SB FAT-25-CG31', 'Freio ABS');
INSERT INTO ADMIN.BOLETIM (ID_BOLETIM, BOLETIM, ITEM) VALUES (16, 'SB FAT-27-CG11', 'Vidros com fechamento em um toque');
INSERT INTO ADMIN.BOLETIM (ID_BOLETIM, BOLETIM, ITEM) VALUES (17, 'SB FAT-27-CG18', 'Partida remota');
INSERT INTO ADMIN.BOLETIM (ID_BOLETIM, BOLETIM, ITEM) VALUES (18, 'SB FAT-30-CG04', 'Aquecimento nos bancos');
INSERT INTO ADMIN.BOLETIM (ID_BOLETIM, BOLETIM, ITEM) VALUES (19, 'SB FAT-31-CG03', 'Controle de estabilidade');
INSERT INTO ADMIN.BOLETIM (ID_BOLETIM, BOLETIM, ITEM) VALUES (20, 'SB FAT-31-CG19', 'Roda de liga leve');
INSERT INTO ADMIN.BOLETIM (ID_BOLETIM, BOLETIM, ITEM) VALUES (21, 'SB FAT-31-CG02', 'Câmbio automático');
INSERT INTO ADMIN.BOLETIM (ID_BOLETIM, BOLETIM, ITEM) VALUES (22, 'SB FAT-34-CG23', 'Farol de neblina');

-- Tabela CHASSI
INSERT INTO ADMIN.CHASSI (ID_CHASSI, CHASSI) VALUES (1, '10000076');
INSERT INTO ADMIN.CHASSI (ID_CHASSI, CHASSI) VALUES (2, '10000153');
INSERT INTO ADMIN.CHASSI (ID_CHASSI, CHASSI) VALUES (3, '10000218');
INSERT INTO ADMIN.CHASSI (ID_CHASSI, CHASSI) VALUES (4, '10000270');
INSERT INTO ADMIN.CHASSI (ID_CHASSI, CHASSI) VALUES (5, '10000348');
INSERT INTO ADMIN.CHASSI (ID_CHASSI, CHASSI) VALUES (6, '10000432');
INSERT INTO ADMIN.CHASSI (ID_CHASSI, CHASSI) VALUES (7, '10000437');
INSERT INTO ADMIN.CHASSI (ID_CHASSI, CHASSI) VALUES (8, '10000470');

-- Tabela PERMISSAO
INSERT INTO ADMIN.PERMISSAO (ID_PERMISSAO, PERMISSAO) VALUES (100, 'Administrador');
INSERT INTO ADMIN.PERMISSAO (ID_PERMISSAO, PERMISSAO) VALUES (200, 'Editor');
INSERT INTO ADMIN.PERMISSAO (ID_PERMISSAO, PERMISSAO) VALUES (300, 'Consultor');

-- Tabela USUARIO
INSERT INTO ADMIN.USUARIO (ID_USUARIO, NOME_USUARIO, SENHA_USUARIO, ID_PERMISSAO) VALUES (1, 'Aldrik Alvaro', '123', 1);
INSERT INTO ADMIN.USUARIO (ID_USUARIO, NOME_USUARIO, SENHA_USUARIO, ID_PERMISSAO) VALUES (2, 'Ana Leal', '321', 2);
INSERT INTO ADMIN.USUARIO (ID_USUARIO, NOME_USUARIO, SENHA_USUARIO, ID_PERMISSAO) VALUES (3, 'Michael Felipe', '822', 3);

-- Tabela SAMPLE
INSERT INTO ADMIN.SAMPLE (ID_CHASSI, ID_BOLETIM, STATUS_SAMPLE, ULT_USU_ALT, DT_ULT_EDICAO) VALUES (1, 1,  'INCORPORATED', 2, CURRENT_TIMESTAMP);
INSERT INTO ADMIN.SAMPLE (ID_CHASSI, ID_BOLETIM, STATUS_SAMPLE, ULT_USU_ALT, DT_ULT_EDICAO) VALUES (1, 2,  'NOT INCORPORATED', 2, CURRENT_TIMESTAMP);
INSERT INTO ADMIN.SAMPLE (ID_CHASSI, ID_BOLETIM, STATUS_SAMPLE, ULT_USU_ALT, DT_ULT_EDICAO) VALUES (1, 3,  'NOT INCORPORATED', 2, CURRENT_TIMESTAMP);
INSERT INTO ADMIN.SAMPLE (ID_CHASSI, ID_BOLETIM, STATUS_SAMPLE, ULT_USU_ALT, DT_ULT_EDICAO) VALUES (1, 4,  'INCORPORATED', 2, CURRENT_TIMESTAMP);
INSERT INTO ADMIN.SAMPLE (ID_CHASSI, ID_BOLETIM, STATUS_SAMPLE, ULT_USU_ALT, DT_ULT_EDICAO) VALUES (1, 5,  'INCORPORATED', 2, CURRENT_TIMESTAMP);
INSERT INTO ADMIN.SAMPLE (ID_CHASSI, ID_BOLETIM, STATUS_SAMPLE, ULT_USU_ALT, DT_ULT_EDICAO) VALUES (1, 6,  'NOT INCORPORATED', 2, CURRENT_TIMESTAMP);
INSERT INTO ADMIN.SAMPLE (ID_CHASSI, ID_BOLETIM, STATUS_SAMPLE, ULT_USU_ALT, DT_ULT_EDICAO) VALUES (1, 7,  'INCORPORATED', 2, CURRENT_TIMESTAMP);
INSERT INTO ADMIN.SAMPLE (ID_CHASSI, ID_BOLETIM, STATUS_SAMPLE, ULT_USU_ALT, DT_ULT_EDICAO) VALUES (1, 8,  'NOT INCORPORATED', 2, CURRENT_TIMESTAMP);
INSERT INTO ADMIN.SAMPLE (ID_CHASSI, ID_BOLETIM, STATUS_SAMPLE, ULT_USU_ALT, DT_ULT_EDICAO) VALUES (1, 9,  'INCORPORATED', 2, CURRENT_TIMESTAMP);
INSERT INTO ADMIN.SAMPLE (ID_CHASSI, ID_BOLETIM, STATUS_SAMPLE, ULT_USU_ALT, DT_ULT_EDICAO) VALUES (1, 10, 'INCORPORATED', 2, CURRENT_TIMESTAMP);
INSERT INTO ADMIN.SAMPLE (ID_CHASSI, ID_BOLETIM, STATUS_SAMPLE, ULT_USU_ALT, DT_ULT_EDICAO) VALUES (1, 11, 'INCORPORATED', 2, CURRENT_TIMESTAMP);
INSERT INTO ADMIN.SAMPLE (ID_CHASSI, ID_BOLETIM, STATUS_SAMPLE, ULT_USU_ALT, DT_ULT_EDICAO) VALUES (1, 12, 'INCORPORATED', 2, CURRENT_TIMESTAMP);
INSERT INTO ADMIN.SAMPLE (ID_CHASSI, ID_BOLETIM, STATUS_SAMPLE, ULT_USU_ALT, DT_ULT_EDICAO) VALUES (1, 13, 'INCORPORATED', 2, CURRENT_TIMESTAMP);
INSERT INTO ADMIN.SAMPLE (ID_CHASSI, ID_BOLETIM, STATUS_SAMPLE, ULT_USU_ALT, DT_ULT_EDICAO) VALUES (1, 14, 'NOT INCORPORATED', 2, CURRENT_TIMESTAMP);
INSERT INTO ADMIN.SAMPLE (ID_CHASSI, ID_BOLETIM, STATUS_SAMPLE, ULT_USU_ALT, DT_ULT_EDICAO) VALUES (1, 15, 'NOT INCORPORATED', 2, CURRENT_TIMESTAMP);

INSERT INTO ADMIN.SAMPLE (ID_CHASSI, ID_BOLETIM, STATUS_SAMPLE, ULT_USU_ALT, DT_ULT_EDICAO) VALUES (2, 11, 'INCORPORATED', 2, CURRENT_TIMESTAMP);
INSERT INTO ADMIN.SAMPLE (ID_CHASSI, ID_BOLETIM, STATUS_SAMPLE, ULT_USU_ALT, DT_ULT_EDICAO) VALUES (2, 12, 'INCORPORATED', 2, CURRENT_TIMESTAMP);
INSERT INTO ADMIN.SAMPLE (ID_CHASSI, ID_BOLETIM, STATUS_SAMPLE, ULT_USU_ALT, DT_ULT_EDICAO) VALUES (2, 13, 'INCORPORATED', 2, CURRENT_TIMESTAMP);
INSERT INTO ADMIN.SAMPLE (ID_CHASSI, ID_BOLETIM, STATUS_SAMPLE, ULT_USU_ALT, DT_ULT_EDICAO) VALUES (2, 14, 'NOT INCORPORATED', 2, CURRENT_TIMESTAMP);
INSERT INTO ADMIN.SAMPLE (ID_CHASSI, ID_BOLETIM, STATUS_SAMPLE, ULT_USU_ALT, DT_ULT_EDICAO) VALUES (2, 15, 'NOT INCORPORATED', 2, CURRENT_TIMESTAMP);
INSERT INTO ADMIN.SAMPLE (ID_CHASSI, ID_BOLETIM, STATUS_SAMPLE, ULT_USU_ALT, DT_ULT_EDICAO) VALUES (2, 16, 'INCORPORATED', 2, CURRENT_TIMESTAMP);
INSERT INTO ADMIN.SAMPLE (ID_CHASSI, ID_BOLETIM, STATUS_SAMPLE, ULT_USU_ALT, DT_ULT_EDICAO) VALUES (2, 17, 'NOT INCORPORATED', 2, CURRENT_TIMESTAMP);
INSERT INTO ADMIN.SAMPLE (ID_CHASSI, ID_BOLETIM, STATUS_SAMPLE, ULT_USU_ALT, DT_ULT_EDICAO) VALUES (2, 18, 'INCORPORATED', 2, CURRENT_TIMESTAMP);
INSERT INTO ADMIN.SAMPLE (ID_CHASSI, ID_BOLETIM, STATUS_SAMPLE, ULT_USU_ALT, DT_ULT_EDICAO) VALUES (2, 19, 'INCORPORATED', 2, CURRENT_TIMESTAMP);
INSERT INTO ADMIN.SAMPLE (ID_CHASSI, ID_BOLETIM, STATUS_SAMPLE, ULT_USU_ALT, DT_ULT_EDICAO) VALUES (2, 20, 'NOT INCORPORATED', 2, CURRENT_TIMESTAMP);

INSERT INTO ADMIN.SAMPLE (ID_CHASSI, ID_BOLETIM, STATUS_SAMPLE, ULT_USU_ALT, DT_ULT_EDICAO) VALUES (3, 18, 'NOT INCORPORATED', 1, CURRENT_TIMESTAMP);
INSERT INTO ADMIN.SAMPLE (ID_CHASSI, ID_BOLETIM, STATUS_SAMPLE, ULT_USU_ALT, DT_ULT_EDICAO) VALUES (3, 19, 'INCORPORATED', 1, CURRENT_TIMESTAMP);
INSERT INTO ADMIN.SAMPLE (ID_CHASSI, ID_BOLETIM, STATUS_SAMPLE, ULT_USU_ALT, DT_ULT_EDICAO) VALUES (3, 20, 'INCORPORATED', 1, CURRENT_TIMESTAMP);
INSERT INTO ADMIN.SAMPLE (ID_CHASSI, ID_BOLETIM, STATUS_SAMPLE, ULT_USU_ALT, DT_ULT_EDICAO) VALUES (3, 21, 'INCORPORATED', 1, CURRENT_TIMESTAMP);
INSERT INTO ADMIN.SAMPLE (ID_CHASSI, ID_BOLETIM, STATUS_SAMPLE, ULT_USU_ALT, DT_ULT_EDICAO) VALUES (3, 22, 'NOT INCORPORATED', 1, CURRENT_TIMESTAMP);


INSERT INTO ADMIN.CADASTRO (ID_USUARIO, ID_CHASSI)
VALUES (1, 1);

INSERT INTO ADMIN.CADASTRO (ID_USUARIO, ID_CHASSI)
VALUES (2, 2);

INSERT INTO ADMIN.CADASTRO (ID_USUARIO, ID_CHASSI)
VALUES (3, 3);


-- Tabela PDF
INSERT INTO ADMIN.PDF (BOLETIM, ITEM, TIPO) VALUES ('Boletim 1', 'Item A', 'PDF');
INSERT INTO ADMIN.PDF (BOLETIM, ITEM, TIPO) VALUES ('Boletim 1', 'Item B', 'PDF');
INSERT INTO ADMIN.PDF (BOLETIM, ITEM, TIPO) VALUES ('Boletim 2', 'Item C', 'PDF');
INSERT INTO ADMIN.PDF (BOLETIM, ITEM, TIPO) VALUES ('Boletim 2', 'Item D', 'PDF');








