-- Tabela BOLETIM
INSERT INTO ADMIN.BOLETIM (ID_BOLETIM, BOLETIM, ITEM) VALUES (1, 'SB FAT-21-CG12', 'Vidros e travas elétricas');
INSERT INTO ADMIN.BOLETIM (ID_BOLETIM, BOLETIM, ITEM) VALUES (2, 'SB FAT-23-CG01', 'Sistema modernizado de som');
INSERT INTO ADMIN.BOLETIM (ID_BOLETIM, BOLETIM, ITEM) VALUES (3, 'SB FAT-23-CG08', 'Calha de chuva');
INSERT INTO ADMIN.BOLETIM (ID_BOLETIM, BOLETIM, ITEM) VALUES (4, 'SB FAT-23-CG02', 'Controle de tração');

-- Tabela CHASSI
INSERT INTO ADMIN.CHASSI (ID_CHASSI, CHASSI) VALUES (1, '10000153');
INSERT INTO ADMIN.CHASSI (ID_CHASSI, CHASSI) VALUES (2, '10000430');
INSERT INTO ADMIN.CHASSI (ID_CHASSI, CHASSI) VALUES (3, '10000500');

-- Tabela PDF
INSERT INTO ADMIN.PDF (BOLETIM, ITEM, TIPO) VALUES ('Boletim 1', 'Item A', 'PDF');
INSERT INTO ADMIN.PDF (BOLETIM, ITEM, TIPO) VALUES ('Boletim 1', 'Item B', 'PDF');
INSERT INTO ADMIN.PDF (BOLETIM, ITEM, TIPO) VALUES ('Boletim 2', 'Item C', 'PDF');
INSERT INTO ADMIN.PDF (BOLETIM, ITEM, TIPO) VALUES ('Boletim 2', 'Item D', 'PDF');

-- Tabela PERMISSAO
INSERT INTO ADMIN.PERMISSAO (ID_PERMISSAO, PERMISSAO) VALUES (1, 'ADMIN');
INSERT INTO ADMIN.PERMISSAO (ID_PERMISSAO, PERMISSAO) VALUES (2, 'USUARIO');

-- Tabela USUARIO
INSERT INTO ADMIN.USUARIO (ID_USUARIO, NOME_USUARIO, SENHA_USUARIO, ID_PERMISSAO) VALUES (1, 'Admin', '123', 1);
INSERT INTO ADMIN.USUARIO (ID_USUARIO, NOME_USUARIO, SENHA_USUARIO, ID_PERMISSAO) VALUES (2, 'Usuario1', '456', 2);
INSERT INTO ADMIN.USUARIO (ID_USUARIO, NOME_USUARIO, SENHA_USUARIO, ID_PERMISSAO) VALUES (3, 'Usuario2', '789', 2);

-- Tabela SAMPLE
INSERT INTO ADMIN.SAMPLE (ID_CHASSI, ID_BOLETIM, STATUS_SAMPLE, ULT_USU_ALT, DT_ULT_EDICAO) VALUES (1, 1, 'INCORPORATED', 1, CURRENT_TIMESTAMP);
INSERT INTO ADMIN.SAMPLE (ID_CHASSI, ID_BOLETIM, STATUS_SAMPLE, ULT_USU_ALT, DT_ULT_EDICAO) VALUES (1, 2, 'NOT INCORPORATED', 2, CURRENT_TIMESTAMP);
INSERT INTO ADMIN.SAMPLE (ID_CHASSI, ID_BOLETIM, STATUS_SAMPLE, ULT_USU_ALT, DT_ULT_EDICAO) VALUES (1, 4, 'INCORPORATED', 2, CURRENT_TIMESTAMP);
INSERT INTO ADMIN.SAMPLE (ID_CHASSI, ID_BOLETIM, STATUS_SAMPLE, ULT_USU_ALT, DT_ULT_EDICAO) VALUES (2, 3, 'INCORPORATED', 2, CURRENT_TIMESTAMP);
INSERT INTO ADMIN.SAMPLE (ID_CHASSI, ID_BOLETIM, STATUS_SAMPLE, ULT_USU_ALT, DT_ULT_EDICAO) VALUES (2, 3, 'NOT INCORPORATED', 2, CURRENT_TIMESTAMP);
INSERT INTO ADMIN.SAMPLE (ID_CHASSI, ID_BOLETIM, STATUS_SAMPLE, ULT_USU_ALT, DT_ULT_EDICAO) VALUES (3, 4, 'INCORPORATED', 2, CURRENT_TIMESTAMP);

INSERT INTO ADMIN.CADASTRO (ID_USUARIO, ID_CHASSI)
VALUES (1, 1);

INSERT INTO ADMIN.CADASTRO (ID_USUARIO, ID_CHASSI)
VALUES (2, 2);